Sample,Assay,count,Tube label F,Sequence F,Tube label R,Sequence R,
16st1e8,16sTom1,100000000,16s_Eub338_F,ACTCCTACGGGAGGCAGCAG,16s_Eub518_R,ATTACCGCGGCTGCTGG,
16st1e7,16sTom1,10000000,16s_Eub338_F,ACTCCTACGGGAGGCAGCAG,16s_Eub518_R,ATTACCGCGGCTGCTGG,
16st1e6,16sTom1,1000000,16s_Eub338_F,ACTCCTACGGGAGGCAGCAG,16s_Eub518_R,ATTACCGCGGCTGCTGG,
16st1e5,16sTom1,100000,16s_Eub338_F,ACTCCTACGGGAGGCAGCAG,16s_Eub518_R,ATTACCGCGGCTGCTGG,
16st1e4,16sTom1,10000,16s_Eub338_F,ACTCCTACGGGAGGCAGCAG,16s_Eub518_R,ATTACCGCGGCTGCTGG,
16st1e3,16sTom1,1000,16s_Eub338_F,ACTCCTACGGGAGGCAGCAG,16s_Eub518_R,ATTACCGCGGCTGCTGG,
16st1e2,16sTom1,100,16s_Eub338_F,ACTCCTACGGGAGGCAGCAG,16s_Eub518_R,ATTACCGCGGCTGCTGG,
ntc1,16sTom1,0,16s_Eub338_F,ACTCCTACGGGAGGCAGCAG,16s_Eub518_R,ATTACCGCGGCTGCTGG,
ermbst1e8,ermbEdBob1,100000000,bob_ermB_jin_ed_F,GAACACTAGGGTTGCTCTTGCA,bob_ermB_1_R,CTGGAACATCTGTGGTATGGC,
ermbst1e7,ermbEdBob1,10000000,bob_ermB_jin_ed_F,GAACACTAGGGTTGCTCTTGCA,bob_ermB_1_R,CTGGAACATCTGTGGTATGGC,
ermbst1e6,ermbEdBob1,1000000,bob_ermB_jin_ed_F,GAACACTAGGGTTGCTCTTGCA,bob_ermB_1_R,CTGGAACATCTGTGGTATGGC,
ermbst1e5,ermbEdBob1,100000,bob_ermB_jin_ed_F,GAACACTAGGGTTGCTCTTGCA,bob_ermB_1_R,CTGGAACATCTGTGGTATGGC,
ermbst1e4,ermbEdBob1,10000,bob_ermB_jin_ed_F,GAACACTAGGGTTGCTCTTGCA,bob_ermB_1_R,CTGGAACATCTGTGGTATGGC,
ermbst1e3,ermbEdBob1,1000,bob_ermB_jin_ed_F,GAACACTAGGGTTGCTCTTGCA,bob_ermB_1_R,CTGGAACATCTGTGGTATGGC,
ermbst1e2,ermbEdBob1,100,bob_ermB_jin_ed_F,GAACACTAGGGTTGCTCTTGCA,bob_ermB_1_R,CTGGAACATCTGTGGTATGGC,
ntc2,ermbEdBob1,0,bob_ermB_jin_ed_F,GAACACTAGGGTTGCTCTTGCA,bob_ermB_1_R,CTGGAACATCTGTGGTATGGC,
ermfst1e8,ermfEdBob2,100000000,bob_ermB_jin_ed_F,GAACACTAGGGTTGCTCTTGCA,bob_ermF_jin_ed_R,TGAAGGACAATGGAACCTCCCA,
ermfst1e7,ermfEdBob2,10000000,bob_ermB_jin_ed_F,GAACACTAGGGTTGCTCTTGCA,bob_ermF_jin_ed_R,TGAAGGACAATGGAACCTCCCA,
ermfst1e6,ermfEdBob2,1000000,bob_ermB_jin_ed_F,GAACACTAGGGTTGCTCTTGCA,bob_ermF_jin_ed_R,TGAAGGACAATGGAACCTCCCA,
ermfst1e5,ermfEdBob2,100000,bob_ermB_jin_ed_F,GAACACTAGGGTTGCTCTTGCA,bob_ermF_jin_ed_R,TGAAGGACAATGGAACCTCCCA,
ermfst1e4,ermfEdBob2,10000,bob_ermB_jin_ed_F,GAACACTAGGGTTGCTCTTGCA,bob_ermF_jin_ed_R,TGAAGGACAATGGAACCTCCCA,
ermfst1e3,ermfEdBob2,1000,bob_ermB_jin_ed_F,GAACACTAGGGTTGCTCTTGCA,bob_ermF_jin_ed_R,TGAAGGACAATGGAACCTCCCA,
ermfst1e2,ermfEdBob2,100,bob_ermB_jin_ed_F,GAACACTAGGGTTGCTCTTGCA,bob_ermF_jin_ed_R,TGAAGGACAATGGAACCTCCCA,
ntc3,ermfEdBob2,0,bob_ermB_jin_ed_F,GAACACTAGGGTTGCTCTTGCA,bob_ermF_jin_ed_R,TGAAGGACAATGGAACCTCCCA,
tetmst1e8,tetmBob1,100000000,tetM_bob_F,GGAGCGATTACAGAATTAGGAAGC,tetM_bob_R,TCCATATGTCCTGGCGTGTC,
tetmst1e7,tetmBob1,10000000,tetM_bob_F,GGAGCGATTACAGAATTAGGAAGC,tetM_bob_R,TCCATATGTCCTGGCGTGTC,
tetmst1e6,tetmBob1,1000000,tetM_bob_F,GGAGCGATTACAGAATTAGGAAGC,tetM_bob_R,TCCATATGTCCTGGCGTGTC,
tetmst1e5,tetmBob1,100000,tetM_bob_F,GGAGCGATTACAGAATTAGGAAGC,tetM_bob_R,TCCATATGTCCTGGCGTGTC,
tetmst1e4,tetmBob1,10000,tetM_bob_F,GGAGCGATTACAGAATTAGGAAGC,tetM_bob_R,TCCATATGTCCTGGCGTGTC,
tetmst1e3,tetmBob1,1000,tetM_bob_F,GGAGCGATTACAGAATTAGGAAGC,tetM_bob_R,TCCATATGTCCTGGCGTGTC,
tetmst1e2,tetmBob1,100,tetM_bob_F,GGAGCGATTACAGAATTAGGAAGC,tetM_bob_R,TCCATATGTCCTGGCGTGTC,
ntc4,tetmBob1,0,tetM_bob_F,GGAGCGATTACAGAATTAGGAAGC,tetM_bob_R,TCCATATGTCCTGGCGTGTC,